nombre,tipo,años de experiencia
Jonathon Russell,DCCapitán,19
David Wilson,DCCocinero,22
Eric Leon,DCCocinero,20
Timothy Lee,DCCocinero,25
George Warren,DCCocinero,17
Melissa Pratt,DCCocinero,29
Heather Palmer,DCCarguero,26
Mark Phillips,DCCapitán,21
Charles Mason,DCCarguero,26
Megan Sanders,DCCapitán,19
Erin Thompson,DCCocinero,16
John Banks,DCCapitán,26
Daniel James,DCCocinero,23
Marissa Porter,DCCarguero,23
Dr. Ryan Dudley,DCCapitán,23
Zachary Smith,DCCocinero,28
Julia Chang,DCCocinero,20
Pamela Montgomery,DCCapitán,25
Adam Marquez,DCCarguero,28
Samantha Hernandez,DCCarguero,25
Mark Brown,DCCapitán,15
Regina Massey,DCCarguero,26
Jerome Stewart,DCCarguero,15
Jessica Norman,DCCarguero,16
Andrea Ramirez,DCCocinero,18
Sarah Acevedo,DCCapitán,26
Mrs. Rebecca Parker,DCCocinero,15
Jim Howe,DCCarguero,23
James Simmons,DCCapitán,25
Edward Boone,DCCarguero,15
Mandy Anderson,DCCarguero,26
Gabriela Smith,DCCarguero,29
Lauren Higgins,DCCocinero,23
Ricky Garcia,DCCapitán,22
Steven Thomas,DCCarguero,24
Stephanie Peters,DCCapitán,27
Michelle Simpson,DCCapitán,16
Bianca King,DCCocinero,21
Gerald Anderson,DCCarguero,16
Henry Nelson,DCCarguero,18
Susan Bray,DCCocinero,15
Tammy Shea,DCCarguero,22
Lori Lee DVM,DCCapitán,26
Jason Lynn,DCCapitán,17
Thomas Carroll,DCCarguero,15
Kristina Villanueva,DCCocinero,29
John Knox,DCCapitán,15
Cassandra Martinez,DCCocinero,29
Timothy Bautista,DCCapitán,17
Justin Hoffman,DCCapitán,23
Sarah Ware,DCCocinero,25
Daniel Richard,DCCocinero,15
David Fisher,DCCarguero,26
Robert Lane,DCCocinero,25
Eric Salinas,DCCarguero,28
Greg Tanner,DCCapitán,17
Daniel West,DCCocinero,26
Jessica King,DCCapitán,29
Tristan Johnston,DCCocinero,21
Brandon Nielsen,DCCapitán,22
Dana Nguyen,DCCarguero,17
Brian Richards,DCCapitán,19
Jeffrey Harris,DCCarguero,18
Walter Perez,DCCocinero,16
Susan Hamilton,DCCapitán,27
David Johnson,DCCarguero,21
Roberto Perez,DCCocinero,15
Mary Parker,DCCarguero,24
Larry Horne,DCCocinero,20
Mr. Terry Burnett,DCCarguero,22
Spencer Paul,DCCapitán,19
Michelle Flores,DCCocinero,21
Catherine Conway,DCCapitán,18
Katherine Fuller,DCCarguero,21
Steven Jones,DCCarguero,18
Joe Palmer,DCCapitán,23
Cynthia Mcintosh,DCCapitán,29
Ryan Foster,DCCarguero,28
Cindy Hill,DCCapitán,24
Peter Mcdaniel,DCCapitán,29
Jason Webster,DCCocinero,18
Robert Jones,DCCapitán,21
Kendra Hull,DCCapitán,28
Brandi Ellison,DCCarguero,20
William Oliver,DCCocinero,24
Brenda Cox,DCCocinero,28
Joshua Peters,DCCapitán,22
Kristina Cooper,DCCocinero,26
Michael Webb,DCCocinero,23
Frances Robinson,DCCocinero,25
Dylan Good,DCCapitán,20
Kimberly Wilson,DCCarguero,25
Kevin Hopkins,DCCarguero,17
Sarah Rodriguez,DCCocinero,26
Leah Parker,DCCocinero,28
George Davis,DCCapitán,15
Jonathan Davis,DCCocinero,19
Jodi Ross,DCCocinero,25
Patricia Hughes,DCCapitán,28
Sarah Marsh,DCCocinero,27
Kimberly Johnson,DCCarguero,25
Patrick Williams,DCCocinero,20
Manuel Figueroa,DCCarguero,26
Brenda Garcia,DCCapitán,17
Alexandra Price,DCCarguero,22
Jacob Yates,DCCarguero,16
Pamela Wheeler,DCCapitán,23
John Bell,DCCarguero,23
Ryan Harding,DCCocinero,17
Tiffany Sanders,DCCapitán,15
Mr. Eduardo Johnson,DCCocinero,21
Danielle Mueller,DCCapitán,29
Dr. Isaac White,DCCocinero,25
Cameron Waller,DCCocinero,23
Julia Thomas,DCCocinero,22
Brian Norris,DCCarguero,22
Heather Dyer,DCCocinero,21
Stacey Robinson,DCCarguero,20
Michael Bowen,DCCarguero,27
Mark Taylor,DCCocinero,21