usuario_da,usuario_recibe
Sofia-Arratia,manearaya
Sofia-Arratia,catalina-arcila
Sofia-Arratia,mistico0121
Sofia-Arratia,roberto009
Sofia-Arratia,juanfcolopez
Sofia-Arratia,valerianazal
Sofia-Arratia,pabloist
Sofia-Arratia,camilagonzalezp
Sofia-Arratia,josefinareyes
Christian-Klempau,Sawiiii
Christian-Klempau,Gustav2000
hsazos,DomingoCarvajal
hsazos,JadrinaDA
hsazos,csantiagopaz
hsazos,sperezmasri
josefinareyes,clementevalladares
josefinareyes,ivannateresa
josefinareyes,cristobalnic
josefinareyes,aaossa
josefinareyes,valerianazal
josefinareyes,camilagonzalezp
josefinareyes,baosse
josefinareyes,Juampisaez
josefinareyes,DomingoCarvajal
josefinareyes,jtagle2
josefinareyes,cothidalgo
josefinareyes,Julius9
josefinareyes,Gatochico
josefinareyes,pedroriosg
josefinareyes,matiasmasjuan
josefinareyes,knight-who-say-ni
josefinareyes,santiagovegaf
josefinareyes,dfloreaa
josefinareyes,Sawiiii
josefinareyes,juanfcolopez
josefinareyes,igbasly
josefinareyes,MatiasDuhalde
josefinareyes,Pablok98
josefinareyes,Tsbalart
josefinareyes,hsazos
josefinareyes,ignaciaj
josefinareyes,nacho_urrutia
josefinareyes,DCCollao
josefinareyes,nanglada
RafaelEdwards,Sofia-Arratia
baosse,ssoliva
baosse,sperezmasri
baosse,cristobalnic
baosse,valecordova
baosse,aaossa
baosse,riadeane
baosse,MatiasDuhalde
baosse,ivannateresa
baosse,ajuanchuto
baosse,pabloist
baosse,Dnpoblete
baosse,matiasfernandez1
baosse,nicoguz
baosse,knight-who-say-ni
baosse,JadrinaDA
baosse,Christian-Klempau
baosse,tqmbanados
baosse,Pablok98
baosse,Emiliax16
baosse,catalina-arcila
roberto009,aljara97
roberto009,Sawiiii
roberto009,Emiliax16
roberto009,mmunoz12
roberto009,Gatochico
roberto009,nacho_urrutia
roberto009,cothidalgo
roberto009,matiasfernandez1
roberto009,Gustav2000
roberto009,aerotecnia99
roberto009,sperezmasri
roberto009,ssoliva
roberto009,csantiagopaz
roberto009,valecordova
roberto009,manearaya
roberto009,mistico0121
roberto009,JadrinaDA
roberto009,dfloreaa
roberto009,baosse
roberto009,Julius9
roberto009,camilagonzalezp
roberto009,Sofia-Arratia
JadrinaDA,Pablok98
JadrinaDA,knight-who-say-ni
valecordova,Tsbalart
valecordova,nanglada
valecordova,riadeane
valecordova,knight-who-say-ni
valecordova,santiagovegaf
valecordova,cothidalgo
valecordova,DCCollao
valecordova,ignaciaj
valecordova,igbasly
valecordova,Gatochico
valecordova,manearaya
valecordova,juanfcolopez
valecordova,camilagonzalezp
valecordova,aerotecnia99
camilagonzalezp,Julius9
ignaciaj,mmunoz12
ignaciaj,pedroriosg
ignaciaj,DomingoCarvajal
ignaciaj,matiasmasjuan
ignaciaj,csantiagopaz
ignaciaj,clementevalladares
pedroriosg,csantiagopaz
pedroriosg,Christian-Klempau
pedroriosg,hsazos
pedroriosg,mistico0121
pedroriosg,valecordova
pedroriosg,santiagovegaf
pedroriosg,ivannateresa
pedroriosg,igbasly
pedroriosg,cristobalnic
pedroriosg,Juampisaez
pedroriosg,tomasrosenberg
pedroriosg,camilagonzalezp
pedroriosg,Pablok98
pedroriosg,ignaciaj
pedroriosg,knight-who-say-ni
pedroriosg,DomingoCarvajal
Dnpoblete,nacho_urrutia
Dnpoblete,ssoliva
Dnpoblete,DomingoCarvajal
Dnpoblete,nicoguz
Dnpoblete,matiasmasjuan
Dnpoblete,Gustav2000
Dnpoblete,camilagonzalezp
Dnpoblete,manearaya
Dnpoblete,cruz
Dnpoblete,Sawiiii
Dnpoblete,ivannateresa
Dnpoblete,valecordova
Tsbalart,sperezmasri
Tsbalart,hsazos
Tsbalart,nacho_urrutia
Tsbalart,matiasfernandez1
Tsbalart,tqmbanados
Tsbalart,Sawiiii
Tsbalart,santiagovegaf
igbasly,pedroriosg
igbasly,josefinareyes
igbasly,santiagovegaf
igbasly,roberto009
igbasly,Emiliax16
igbasly,tomasrosenberg
igbasly,Juampisaez
igbasly,aljara97
igbasly,mistico0121
igbasly,Pablok98
igbasly,pabloist
igbasly,knight-who-say-ni
igbasly,ajuanchuto
igbasly,JadrinaDA
igbasly,Gustav2000
igbasly,valerianazal
igbasly,manearaya
igbasly,lily416
igbasly,Tsbalart
igbasly,tqmbanados
igbasly,Gatochico
igbasly,DomingoCarvajal
igbasly,Sawiiii
igbasly,baosse
igbasly,dfloreaa
igbasly,cruz
igbasly,mmunoz12
igbasly,nicoguz
igbasly,matiasfernandez1
matiasfernandez1,josefinareyes
matiasfernandez1,Gustav2000
matiasfernandez1,Dnpoblete
matiasfernandez1,nacho_urrutia
matiasfernandez1,Sawiiii
matiasfernandez1,jtagle2
matiasfernandez1,dfloreaa
matiasfernandez1,clementevalladares
matiasfernandez1,mistico0121
matiasfernandez1,matiasmasjuan
matiasfernandez1,mmunoz12
matiasfernandez1,Julius9
matiasfernandez1,pedroriosg
matiasfernandez1,RafaelEdwards
matiasfernandez1,DCCollao
matiasfernandez1,ivannateresa
matiasfernandez1,tomasrosenberg
matiasfernandez1,valerianazal
matiasfernandez1,knight-who-say-ni
matiasfernandez1,santiagovegaf
matiasfernandez1,nicoguz
matiasfernandez1,Tsbalart
Sawiiii,nicoguz
Sawiiii,Pablok98
Sawiiii,Tsbalart
Sawiiii,pabloist
Sawiiii,riadeane
Sawiiii,knight-who-say-ni
Sawiiii,pedroriosg
Sawiiii,Christian-Klempau
Sawiiii,igbasly
Sawiiii,Sofia-Arratia
Sawiiii,roberto009
Sawiiii,hsazos
Sawiiii,camilagonzalezp
Sawiiii,santiagovegaf
Sawiiii,cothidalgo
Sawiiii,juanfcolopez
Sawiiii,Gustav2000
Sawiiii,Julius9
Sawiiii,ssoliva
Sawiiii,cruz
Sawiiii,baosse
Sawiiii,sperezmasri
Sawiiii,valecordova
Julius9,camilagonzalezp
Julius9,Tsbalart
Julius9,clementevalladares
Julius9,jtagle2
Julius9,catalina-arcila
Julius9,Pablok98
Julius9,juanfcolopez
Julius9,Gustav2000
csantiagopaz,cristobalnic
csantiagopaz,camilagonzalezp
csantiagopaz,jtagle2
csantiagopaz,nacho_urrutia
csantiagopaz,ssoliva
csantiagopaz,RafaelEdwards
csantiagopaz,MatiasDuhalde
csantiagopaz,Gatochico
csantiagopaz,tqmbanados
csantiagopaz,Sawiiii
csantiagopaz,aljara97
csantiagopaz,cruz
csantiagopaz,cothidalgo
csantiagopaz,ivannateresa
csantiagopaz,ignaciaj
csantiagopaz,aerotecnia99
csantiagopaz,igbasly
csantiagopaz,DomingoCarvajal
csantiagopaz,valecordova
csantiagopaz,Gustav2000
csantiagopaz,pedroriosg
csantiagopaz,mmunoz12
csantiagopaz,JadrinaDA
csantiagopaz,nicoguz
csantiagopaz,Sofia-Arratia
csantiagopaz,Pablok98
csantiagopaz,hsazos
csantiagopaz,Emiliax16
clementevalladares,mmunoz12
clementevalladares,DCCollao
clementevalladares,knight-who-say-ni
clementevalladares,manearaya
clementevalladares,josefinareyes
clementevalladares,lily416
clementevalladares,MatiasDuhalde
clementevalladares,Emiliax16
clementevalladares,aaossa
clementevalladares,Gustav2000
clementevalladares,baosse
clementevalladares,ssoliva
clementevalladares,matiasmasjuan
clementevalladares,Sofia-Arratia
clementevalladares,Juampisaez
clementevalladares,santiagovegaf
clementevalladares,igbasly
clementevalladares,csantiagopaz
clementevalladares,aerotecnia99
clementevalladares,dfloreaa
clementevalladares,DomingoCarvajal
clementevalladares,RafaelEdwards
clementevalladares,Tsbalart
clementevalladares,camilagonzalezp
clementevalladares,hsazos
clementevalladares,nanglada
clementevalladares,Dnpoblete
clementevalladares,catalina-arcila
clementevalladares,matiasfernandez1
pabloist,MatiasDuhalde
pabloist,pedroriosg
pabloist,baosse
pabloist,ignaciaj
pabloist,aaossa
pabloist,cristobalnic
pabloist,juanfcolopez
pabloist,matiasfernandez1
nacho_urrutia,riadeane
nacho_urrutia,juanfcolopez
nacho_urrutia,DCCollao
nacho_urrutia,ssoliva
nacho_urrutia,santiagovegaf
nacho_urrutia,roberto009
nacho_urrutia,jtagle2
nacho_urrutia,camilagonzalezp
nacho_urrutia,catalina-arcila
nacho_urrutia,ignaciaj
nacho_urrutia,Sofia-Arratia
nacho_urrutia,cothidalgo
nacho_urrutia,lily416
nacho_urrutia,cruz
nacho_urrutia,pedroriosg
nacho_urrutia,cristobalnic
nacho_urrutia,Gustav2000
nacho_urrutia,Dnpoblete
nacho_urrutia,aljara97
nacho_urrutia,sperezmasri
nacho_urrutia,ivannateresa
nacho_urrutia,clementevalladares
cothidalgo,mmunoz12
cothidalgo,pabloist
cothidalgo,aaossa
cothidalgo,cristobalnic
cothidalgo,Tsbalart
cothidalgo,Christian-Klempau
cothidalgo,cruz
cothidalgo,DomingoCarvajal
cothidalgo,Gustav2000
cothidalgo,josefinareyes
cothidalgo,valerianazal
cothidalgo,Dnpoblete
cothidalgo,ivannateresa
cothidalgo,Gatochico
Emiliax16,ignaciaj
Emiliax16,matiasmasjuan
Emiliax16,igbasly
Emiliax16,roberto009
ssoliva,lily416
ssoliva,dfloreaa
ssoliva,nanglada
ssoliva,clementevalladares
ssoliva,igbasly
ssoliva,Emiliax16
ssoliva,Pablok98
ssoliva,nacho_urrutia
ssoliva,cristobalnic
ssoliva,pabloist
ssoliva,mistico0121
dfloreaa,Gustav2000
dfloreaa,RafaelEdwards
dfloreaa,ignaciaj
sperezmasri,matiasmasjuan
sperezmasri,clementevalladares
sperezmasri,ivannateresa
sperezmasri,Pablok98
sperezmasri,matiasfernandez1
sperezmasri,juanfcolopez
sperezmasri,jtagle2
sperezmasri,Christian-Klempau
sperezmasri,Gatochico
sperezmasri,mistico0121
sperezmasri,tomasrosenberg
sperezmasri,Emiliax16
sperezmasri,valecordova
sperezmasri,lily416
sperezmasri,dfloreaa
sperezmasri,aerotecnia99
sperezmasri,Tsbalart
sperezmasri,mmunoz12
sperezmasri,ajuanchuto
sperezmasri,Juampisaez
sperezmasri,cristobalnic
sperezmasri,igbasly
sperezmasri,ignaciaj
sperezmasri,aaossa
sperezmasri,aljara97
sperezmasri,josefinareyes
sperezmasri,Sawiiii
cruz,ignaciaj
cruz,aljara97
cruz,aaossa
cruz,Emiliax16
cruz,clementevalladares
cruz,DomingoCarvajal
cruz,knight-who-say-ni
cruz,igbasly
cruz,nacho_urrutia
cruz,riadeane
cruz,Sofia-Arratia
cruz,RafaelEdwards
cruz,aerotecnia99
cruz,Pablok98
cruz,tomasrosenberg
cruz,nanglada
cruz,pabloist
cruz,cothidalgo
cruz,tqmbanados
cruz,cristobalnic
cruz,dfloreaa
cruz,valerianazal
cruz,ajuanchuto
cruz,pedroriosg
valerianazal,cruz
Juampisaez,manearaya
Juampisaez,nanglada
Juampisaez,cothidalgo
Juampisaez,DomingoCarvajal
Juampisaez,aerotecnia99
Juampisaez,pedroriosg
Juampisaez,cruz
Juampisaez,juanfcolopez
Juampisaez,pabloist
Juampisaez,baosse
Juampisaez,ssoliva
Juampisaez,santiagovegaf
Juampisaez,tomasrosenberg
Juampisaez,sperezmasri
Juampisaez,Gatochico
Juampisaez,josefinareyes
Juampisaez,mmunoz12
Juampisaez,JadrinaDA
Juampisaez,matiasfernandez1
Juampisaez,matiasmasjuan
Juampisaez,tqmbanados
Juampisaez,Sofia-Arratia
knight-who-say-ni,igbasly
manearaya,lily416
manearaya,ignaciaj
manearaya,Christian-Klempau
manearaya,DomingoCarvajal
cristobalnic,valerianazal
cristobalnic,nanglada
cristobalnic,mmunoz12
cristobalnic,mistico0121
Pablok98,nicoguz
Pablok98,sperezmasri
Pablok98,riadeane
Pablok98,csantiagopaz
Pablok98,knight-who-say-ni
Pablok98,clementevalladares
Pablok98,cothidalgo
Pablok98,pedroriosg
Pablok98,Emiliax16
Pablok98,juanfcolopez
Pablok98,aljara97
Pablok98,catalina-arcila
Pablok98,aerotecnia99
Pablok98,Sawiiii
riadeane,nicoguz
riadeane,josefinareyes
riadeane,matiasfernandez1
riadeane,catalina-arcila
riadeane,nacho_urrutia
riadeane,Pablok98
riadeane,Dnpoblete
riadeane,sperezmasri
riadeane,tomasrosenberg
riadeane,DCCollao
riadeane,dfloreaa
riadeane,pabloist
riadeane,valecordova
riadeane,roberto009
riadeane,ivannateresa
riadeane,Christian-Klempau
riadeane,lily416
riadeane,RafaelEdwards
riadeane,Juampisaez
riadeane,manearaya
riadeane,Emiliax16
riadeane,pedroriosg
riadeane,Gustav2000
riadeane,ssoliva
riadeane,hsazos
riadeane,nanglada
riadeane,ajuanchuto
riadeane,Sofia-Arratia
aaossa,lily416
aaossa,nanglada
aaossa,Julius9
aaossa,mmunoz12
aaossa,ignaciaj
catalina-arcila,ssoliva
catalina-arcila,igbasly
catalina-arcila,Pablok98
catalina-arcila,nicoguz
catalina-arcila,DomingoCarvajal
catalina-arcila,nanglada
catalina-arcila,roberto009
catalina-arcila,cristobalnic
catalina-arcila,Gustav2000
catalina-arcila,Christian-Klempau
catalina-arcila,nacho_urrutia
catalina-arcila,hsazos
catalina-arcila,JadrinaDA
catalina-arcila,csantiagopaz
catalina-arcila,juanfcolopez
catalina-arcila,DCCollao
lily416,camilagonzalezp
lily416,tqmbanados
lily416,Sawiiii
lily416,josefinareyes
lily416,Dnpoblete
lily416,santiagovegaf
lily416,mistico0121
lily416,roberto009
lily416,csantiagopaz
lily416,catalina-arcila
lily416,cristobalnic
lily416,cruz
lily416,ignaciaj
lily416,Emiliax16
lily416,ajuanchuto
lily416,knight-who-say-ni
lily416,ivannateresa
lily416,juanfcolopez
lily416,nicoguz
lily416,hsazos
lily416,Pablok98
lily416,Julius9
lily416,valerianazal
lily416,DCCollao
lily416,dfloreaa
lily416,riadeane
lily416,nanglada
lily416,aaossa
lily416,tomasrosenberg
lily416,Sofia-Arratia
MatiasDuhalde,aaossa
MatiasDuhalde,valerianazal
MatiasDuhalde,Juampisaez
MatiasDuhalde,camilagonzalezp
MatiasDuhalde,baosse
MatiasDuhalde,matiasmasjuan
MatiasDuhalde,manearaya
DomingoCarvajal,valerianazal
DomingoCarvajal,riadeane
DomingoCarvajal,catalina-arcila
DomingoCarvajal,ignaciaj
DomingoCarvajal,Gustav2000
DomingoCarvajal,dfloreaa
DomingoCarvajal,hsazos
DomingoCarvajal,aerotecnia99
DomingoCarvajal,tomasrosenberg
DomingoCarvajal,Pablok98
DomingoCarvajal,santiagovegaf
DomingoCarvajal,cruz
DomingoCarvajal,nicoguz
DomingoCarvajal,roberto009
DomingoCarvajal,Gatochico
DomingoCarvajal,csantiagopaz
tomasrosenberg,ssoliva
tomasrosenberg,ignaciaj
tomasrosenberg,santiagovegaf
tomasrosenberg,nicoguz
tomasrosenberg,sperezmasri
tomasrosenberg,manearaya
tomasrosenberg,mmunoz12
tomasrosenberg,pedroriosg
tomasrosenberg,ajuanchuto
tomasrosenberg,cothidalgo
tomasrosenberg,tqmbanados
tomasrosenberg,mistico0121
tomasrosenberg,roberto009
tomasrosenberg,Tsbalart
tomasrosenberg,MatiasDuhalde
tomasrosenberg,Julius9
santiagovegaf,mmunoz12
santiagovegaf,knight-who-say-ni
santiagovegaf,cristobalnic
santiagovegaf,ssoliva
santiagovegaf,aaossa
santiagovegaf,riadeane
santiagovegaf,baosse
santiagovegaf,camilagonzalezp
santiagovegaf,Juampisaez
jtagle2,cruz
nicoguz,Juampisaez
nicoguz,aerotecnia99
nicoguz,DCCollao
nicoguz,nacho_urrutia
nicoguz,catalina-arcila
nicoguz,ajuanchuto
nicoguz,Gustav2000
nicoguz,santiagovegaf
nicoguz,tqmbanados
nicoguz,riadeane
nicoguz,Tsbalart
nicoguz,matiasfernandez1
nicoguz,valecordova
nicoguz,igbasly
nicoguz,camilagonzalezp
nicoguz,hsazos
nicoguz,cristobalnic
nicoguz,cruz
nicoguz,aaossa
nicoguz,juanfcolopez
nicoguz,JadrinaDA
nicoguz,tomasrosenberg
nicoguz,lily416
nicoguz,manearaya
nicoguz,Dnpoblete
nicoguz,baosse
nicoguz,cothidalgo
nicoguz,clementevalladares
aljara97,valecordova
aljara97,matiasmasjuan
aljara97,JadrinaDA
aljara97,pabloist
aljara97,josefinareyes
aljara97,knight-who-say-ni
aljara97,ignaciaj
aljara97,nicoguz
aljara97,tomasrosenberg
aljara97,igbasly
aljara97,aaossa
aljara97,Pablok98
aljara97,riadeane
aljara97,baosse
aljara97,nacho_urrutia
aljara97,MatiasDuhalde
juanfcolopez,pabloist
juanfcolopez,catalina-arcila
juanfcolopez,valecordova
juanfcolopez,hsazos
juanfcolopez,Juampisaez
juanfcolopez,tqmbanados
juanfcolopez,JadrinaDA
juanfcolopez,ivannateresa
juanfcolopez,DCCollao
juanfcolopez,riadeane
juanfcolopez,matiasmasjuan
juanfcolopez,nicoguz
juanfcolopez,lily416
juanfcolopez,Sawiiii
juanfcolopez,camilagonzalezp
juanfcolopez,Gatochico
juanfcolopez,dfloreaa
juanfcolopez,Christian-Klempau
aerotecnia99,tomasrosenberg
aerotecnia99,igbasly
aerotecnia99,nacho_urrutia
aerotecnia99,pedroriosg
aerotecnia99,pabloist
aerotecnia99,cristobalnic
aerotecnia99,aaossa
aerotecnia99,roberto009
aerotecnia99,aljara97
aerotecnia99,cruz
ivannateresa,ssoliva
ivannateresa,dfloreaa
ivannateresa,Christian-Klempau
ivannateresa,mmunoz12
ivannateresa,pabloist
ivannateresa,pedroriosg
ivannateresa,clementevalladares
ivannateresa,valerianazal
ivannateresa,santiagovegaf
ivannateresa,manearaya
ivannateresa,JadrinaDA
ivannateresa,roberto009
ivannateresa,aerotecnia99
ivannateresa,matiasmasjuan
ivannateresa,valecordova
ivannateresa,tqmbanados
ivannateresa,catalina-arcila
ajuanchuto,santiagovegaf
ajuanchuto,catalina-arcila
ajuanchuto,Christian-Klempau
ajuanchuto,valecordova
ajuanchuto,clementevalladares
ajuanchuto,camilagonzalezp
ajuanchuto,riadeane
ajuanchuto,Gatochico
Gustav2000,matiasmasjuan
DCCollao,clementevalladares
Gatochico,mmunoz12
Gatochico,valerianazal
Gatochico,Gustav2000
Gatochico,aaossa
mmunoz12,tomasrosenberg
mmunoz12,camilagonzalezp
mmunoz12,santiagovegaf
mmunoz12,sperezmasri
mmunoz12,Juampisaez
mmunoz12,valecordova
mmunoz12,clementevalladares
mmunoz12,MatiasDuhalde
mmunoz12,Gatochico
mmunoz12,cruz
matiasmasjuan,Juampisaez
matiasmasjuan,DomingoCarvajal
matiasmasjuan,manearaya
matiasmasjuan,knight-who-say-ni
matiasmasjuan,ivannateresa
matiasmasjuan,mmunoz12
matiasmasjuan,camilagonzalezp
matiasmasjuan,ajuanchuto
matiasmasjuan,cothidalgo
matiasmasjuan,matiasfernandez1
matiasmasjuan,sperezmasri
matiasmasjuan,MatiasDuhalde
matiasmasjuan,roberto009
matiasmasjuan,csantiagopaz
matiasmasjuan,aaossa
matiasmasjuan,igbasly
matiasmasjuan,cruz
mistico0121,matiasfernandez1
mistico0121,knight-who-say-ni
mistico0121,nicoguz
mistico0121,hsazos
mistico0121,santiagovegaf
mistico0121,juanfcolopez
nanglada,valerianazal
nanglada,JadrinaDA
nanglada,Gustav2000
nanglada,santiagovegaf
nanglada,cothidalgo
nanglada,ssoliva
nanglada,Tsbalart
nanglada,valecordova
nanglada,Julius9
nanglada,juanfcolopez
nanglada,pabloist
nanglada,Juampisaez
nanglada,baosse
nanglada,nacho_urrutia
nanglada,lily416
nanglada,mmunoz12
