usuario,contacto
lily416,matiasmasjuan
lily416,igbasly
lily416,DCCollao
lily416,MatiasDuhalde
Dnpoblete,Gatochico
Dnpoblete,Pablok98
Dnpoblete,manearaya
Dnpoblete,MatiasDuhalde
Dnpoblete,Juampisaez
DCCollao,aljara97
DCCollao,lily416
DCCollao,Gatochico
DCCollao,knight-who-say-ni
Gatochico,Dnpoblete
Gatochico,DCCollao
Gatochico,matiasmasjuan
Gatochico,nacho_urrutia
igbasly,lily416
igbasly,Christian-Klempau
igbasly,manearaya
igbasly,roberto009
matiasmasjuan,lily416
matiasmasjuan,Gatochico
matiasmasjuan,nacho_urrutia
matiasmasjuan,JadrinaDA
Pablok98,Dnpoblete
Pablok98,knight-who-say-ni
Pablok98,aljara97
Pablok98,Christian-Klempau
manearaya,Dnpoblete
manearaya,Tsbalart
manearaya,igbasly
manearaya,hsazos
aljara97,DCCollao
aljara97,csantiagopaz
aljara97,Pablok98
aljara97,JadrinaDA
nacho_urrutia,Gatochico
nacho_urrutia,matiasmasjuan
nacho_urrutia,Christian-Klempau
nacho_urrutia,roberto009
Christian-Klempau,igbasly
Christian-Klempau,Pablok98
Christian-Klempau,nacho_urrutia
Christian-Klempau,roberto009
MatiasDuhalde,Juampisaez
MatiasDuhalde,lily416
MatiasDuhalde,Dnpoblete
MatiasDuhalde,knight-who-say-ni
MatiasDuhalde,csantiagopaz
Juampisaez,MatiasDuhalde
Juampisaez,knight-who-say-ni
Juampisaez,Dnpoblete
Juampisaez,baosse
knight-who-say-ni,MatiasDuhalde
knight-who-say-ni,Juampisaez
knight-who-say-ni,DCCollao
knight-who-say-ni,Tsbalart
knight-who-say-ni,hsazos
knight-who-say-ni,Pablok98
hsazos,knight-who-say-ni
hsazos,baosse
hsazos,manearaya
hsazos,JadrinaDA
Tsbalart,knight-who-say-ni
Tsbalart,manearaya
Tsbalart,JadrinaDA
csantiagopaz,MatiasDuhalde
csantiagopaz,baosse
csantiagopaz,aljara97
baosse,csantiagopaz
baosse,hsazos
baosse,Juampisaez
roberto009,igbasly
roberto009,nacho_urrutia
roberto009,Christian-Klempau
JadrinaDA,aljara97
JadrinaDA,matiasmasjuan
JadrinaDA,hsazos
JadrinaDA,Tsbalart
