grupo,integrante
El Padrino,lily416
El Padrino,DCCollao
El Padrino,MatiasDuhalde
El Padrino,Juampisaez
El Padrino,manearaya
El Padrino,nacho_urrutia
Gin Tonic para la abuela,MatiasDuhalde
Gin Tonic para la abuela,knight-who-say-ni
Gin Tonic para la abuela,matiasmasjuan
Gin Tonic para la abuela,hsazos
Paella familiar,Dnpoblete
Paella familiar,Gatochico
Paella familiar,Pablok98
Paella familiar,manearaya
Paella familiar,nacho_urrutia
Paella familiar,JadrinaDA
Mi familia adoptada,igbasly
Mi familia adoptada,knight-who-say-ni
Mi familia adoptada,Juampisaez
Mi familia adoptada,Tsbalart
Mi familia adoptada,JadrinaDA
Yo a esta gente no la conozco,igbasly
Yo a esta gente no la conozco,matiasmasjuan
Yo a esta gente no la conozco,Christian-Klempau
El manicomio familiar,Gatochico
El manicomio familiar,MatiasDuhalde
El manicomio familiar,roberto009
El manicomio familiar,aljara97
El manicomio familiar,Tsbalart
Los amargaos,lily416
Los amargaos,Pablok98
Los amargaos,Christian-Klempau
Los amargaos,nacho_urrutia
Los amargaos,hsazos
Comunidad del anillo,Dnpoblete
Comunidad del anillo,knight-who-say-ni
Comunidad del anillo,Juampisaez
Comunidad del anillo,hsazos
Hagamos como que socializamos,DCCollao
Hagamos como que socializamos,baosse
Hagamos como que socializamos,csantiagopaz
Hagamos como que socializamos,Dnpoblete
Avengers,Gatochico
Avengers,csantiagopaz
Avengers,roberto009
Work out,Dnpoblete
Work out,MatiasDuhalde
Work out,Christian-Klempau
Work out,roberto009
Work out,aljara97
El Bronx,Gatochico
El Bronx,knight-who-say-ni
El Bronx,Christian-Klempau
El Bronx,nacho_urrutia
El Bronx,JadrinaDA
Los otros,Dnpoblete
Los otros,csantiagopaz
Los otros,matiasmasjuan
Los otros,baosse
Los otros,aljara97
Los otros,Tsbalart
After work,DCCollao
After work,igbasly
After work,Pablok98
After work,matiasmasjuan
After work,manearaya
After work,roberto009
Los Teletubbies,lily416
Los Teletubbies,knight-who-say-ni
Los Teletubbies,csantiagopaz
Los Teletubbies,Pablok98
Los Teletubbies,nacho_urrutia
